{
  "meta": {
    "model_name": "meta-llama/Llama-2-7b-chat-hf",
    "layer": 29,
    "max_seq_length": 4096,
    "injection_coefficients": [
      0,
      20,
      40,
      75,
      100,
      150,
      200,
      250,
      300,
      400,
      500
    ],
    "total_tokens_per_ic": 1000,
    "note": "test with new acts"
  },
  "only_text": {
    "injection_coefficients_0": {
      "top1_acc": [
        0.6625766754150391
      ],
      "top10_acc": [
        0.904294490814209
      ],
      "skip50_top1_acc": [
        0.5945330262184143
      ],
      "skip50_top10_acc": [
        0.8485193848609924
      ],
      "total_encoded_tokens": [
        1630
      ],
      "total_skipped_tokens": [
        878
      ],
      "total_time_in_sec": [
        0.918
      ]
    },
    "injection_coefficients_20": {
      "top1_acc": [
        0.5641476511955261,
        0.7157057523727417
      ],
      "top10_acc": [
        0.8752197027206421,
        0.8946321606636047
      ],
      "skip50_top1_acc": [
        0.5163934230804443,
        0.6863354444503784
      ],
      "skip50_top10_acc": [
        0.8224043250083923,
        0.8602484464645386
      ],
      "total_encoded_tokens": [
        569,
        503
      ],
      "total_skipped_tokens": [
        366,
        322
      ],
      "total_time_in_sec": [
        0.103,
        0.055
      ]
    },
    "injection_coefficients_40": {
      "top1_acc": [
        0.4944785237312317,
        0.5824915766716003
      ],
      "top10_acc": [
        0.8368098139762878,
        0.8350167870521545
      ],
      "skip50_top1_acc": [
        0.4422018527984619,
        0.5515463948249817
      ],
      "skip50_top10_acc": [
        0.7761467695236206,
        0.7835051417350769
      ],
      "total_encoded_tokens": [
        815,
        297
      ],
      "total_skipped_tokens": [
        545,
        194
      ],
      "total_time_in_sec": [
        0.103,
        0.041
      ]
    },
    "injection_coefficients_75": {
      "top1_acc": [
        0.5055679678916931,
        0.4743083119392395,
        0.4787571430206299
      ],
      "top10_acc": [
        0.8262806534767151,
        0.8221344351768494,
        0.7837666869163513
      ],
      "skip50_top1_acc": [
        0.3913043439388275,
        0.420895516872406,
        0.4301533102989197
      ],
      "skip50_top10_acc": [
        0.7491638660430908,
        0.7641791105270386,
        0.72742760181427
      ],
      "total_encoded_tokens": [
        449,
        506,
        1577
      ],
      "total_skipped_tokens": [
        299,
        335,
        1174
      ],
      "total_time_in_sec": [
        0.053,
        0.058,
        0.211
      ]
    },
    "injection_coefficients_100": {
      "top1_acc": [
        0.239130437374115,
        0.3445620834827423
      ],
      "top10_acc": [
        0.5760869383811951,
        0.7006736993789673
      ],
      "skip50_top1_acc": [
        0.11555555462837219,
        0.25034579634666443
      ],
      "skip50_top10_acc": [
        0.40444445610046387,
        0.6431535482406616
      ],
      "total_encoded_tokens": [
        368,
        1039
      ],
      "total_skipped_tokens": [
        225,
        723
      ],
      "total_time_in_sec": [
        0.045,
        0.129
      ]
    },
    "injection_coefficients_150": {
      "top1_acc": [
        0.08944954723119736
      ],
      "top10_acc": [
        0.428134560585022
      ],
      "skip50_top1_acc": [
        0.026128267869353294
      ],
      "skip50_top10_acc": [
        0.24940618872642517
      ],
      "total_encoded_tokens": [
        1308
      ],
      "total_skipped_tokens": [
        842
      ],
      "total_time_in_sec": [
        0.181
      ]
    },
    "injection_coefficients_200": {
      "top1_acc": [
        0.13917525112628937,
        0.02857142873108387,
        0.020408162847161293
      ],
      "top10_acc": [
        0.280927836894989,
        0.11428571492433548,
        0.20068027079105377
      ],
      "skip50_top1_acc": [
        0.0,
        0.0,
        0.005263158120214939
      ],
      "skip50_top10_acc": [
        0.07916667312383652,
        0.04664723202586174,
        0.057894740253686905
      ],
      "total_encoded_tokens": [
        388,
        560,
        294
      ],
      "total_skipped_tokens": [
        240,
        343,
        190
      ],
      "total_time_in_sec": [
        0.051,
        0.064,
        0.042
      ]
    },
    "injection_coefficients_250": {
      "top1_acc": [
        0.004975124262273312,
        0.005859375,
        0.012539184652268887
      ],
      "top10_acc": [
        0.08457711338996887,
        0.119140625,
        0.184952974319458
      ],
      "skip50_top1_acc": [
        0.0,
        0.0,
        0.0
      ],
      "skip50_top10_acc": [
        0.019736841320991516,
        0.0451977401971817,
        0.048543691635131836
      ],
      "total_encoded_tokens": [
        201,
        512,
        319
      ],
      "total_skipped_tokens": [
        152,
        354,
        206
      ],
      "total_time_in_sec": [
        0.032,
        0.061,
        0.041
      ]
    },
    "injection_coefficients_300": {
      "top1_acc": [
        0.012603837996721268
      ],
      "top10_acc": [
        0.12431968003511429
      ],
      "skip50_top1_acc": [
        0.001970443408936262
      ],
      "skip50_top10_acc": [
        0.07487685233354568
      ],
      "total_encoded_tokens": [
        3491
      ],
      "total_skipped_tokens": [
        2030
      ],
      "total_time_in_sec": [
        0.687
      ]
    },
    "injection_coefficients_400": {
      "top1_acc": [
        0.025974025949835777,
        0.012820512987673283,
        0.005649717524647713,
        0.047058820724487305
      ],
      "top10_acc": [
        0.06493506580591202,
        0.07692307978868484,
        0.02259887009859085,
        0.07294117659330368
      ],
      "skip50_top1_acc": [
        0.0,
        0.0,
        0.0,
        0.0
      ],
      "skip50_top10_acc": [
        0.017241379246115685,
        0.042134832590818405,
        0.02255639061331749,
        0.015463917516171932
      ],
      "total_encoded_tokens": [
        77,
        546,
        177,
        850
      ],
      "total_skipped_tokens": [
        58,
        356,
        133,
        582
      ],
      "total_time_in_sec": [
        0.061,
        0.064,
        0.033,
        0.113
      ]
    },
    "injection_coefficients_500": {
      "top1_acc": [
        0.03589743748307228
      ],
      "top10_acc": [
        0.05641026049852371
      ],
      "skip50_top1_acc": [
        0.0
      ],
      "skip50_top10_acc": [
        0.01070281770080328
      ],
      "total_encoded_tokens": [
        4095
      ],
      "total_skipped_tokens": [
        2803
      ],
      "total_time_in_sec": [
        0.818
      ]
    }
  },
  "only_code": {
    "injection_coefficients_0": {
      "top1_acc": [
        0.7748279571533203
      ],
      "top10_acc": [
        0.9537856578826904
      ],
      "skip50_top1_acc": [
        0.7089285850524902
      ],
      "skip50_top10_acc": [
        0.925000011920929
      ],
      "total_encoded_tokens": [
        1017
      ],
      "total_skipped_tokens": [
        560
      ],
      "total_time_in_sec": [
        0.125
      ]
    },
    "injection_coefficients_20": {
      "top1_acc": [
        0.9409036040306091
      ],
      "top10_acc": [
        0.9868132472038269
      ],
      "skip50_top1_acc": [
        0.9301390051841736
      ],
      "skip50_top10_acc": [
        0.9820775389671326
      ],
      "total_encoded_tokens": [
        4095
      ],
      "total_skipped_tokens": [
        2734
      ],
      "total_time_in_sec": [
        0.813
      ]
    },
    "injection_coefficients_40": {
      "top1_acc": [
        0.8721340298652649
      ],
      "top10_acc": [
        0.9550264477729797
      ],