{
  "meta": {
    "model_name": "meta-llama/Llama-2-7b-chat-hf",
    "layer": 29,
    "max_seq_length": 4096,
    "injection_coefficients": [
      0,
      20,
      40,
      75,
      100,
      150,
      200,
      250,
      300,
      400,
      500
    ],
    "total_tokens_per_ic": 1000,
    "note": "testing new format for results"
  },
  "only_text": {
    "injection_coefficients_0": {
      "top1_acc": [
        0.6625766754150391
      ],
      "top10_acc": [
        0.9036809802055359
      ],
      "skip50_top1_acc": [
        0.5945330262184143
      ],
      "skip50_top10_acc": [
        0.8473804593086243
      ],
      "perplexity": [
        3237995.75
      ],
      "total_encoded_tokens": [
        1630
      ],
      "total_skipped_tokens": [
        878
      ],
      "total_time_in_sec": [
        0.355
      ]
    },
    "injection_coefficients_20": {
      "top1_acc": [
        0.5869947075843811,
        0.7117295861244202
      ],
      "top10_acc": [
        0.8717047572135925,
        0.902584433555603
      ],
      "skip50_top1_acc": [
        0.5546448230743408,
        0.6863354444503784
      ],
      "skip50_top10_acc": [
        0.8169398903846741,
        0.8726708292961121
      ],
      "perplexity": [
        207529.78125,
        37896.25
      ],
      "total_encoded_tokens": [
        569,
        503
      ],
      "total_skipped_tokens": [
        366,
        322
      ],
      "total_time_in_sec": [
        0.072,
        0.056
      ]
    },
    "injection_coefficients_40": {
      "top1_acc": [
        0.5092024803161621,
        0.5656565427780151
      ],
      "top10_acc": [
        0.8441717624664307,
        0.8552188277244568
      ],
      "skip50_top1_acc": [
        0.4587155878543854,
        0.5412371158599854
      ],
      "skip50_top10_acc": [
        0.7908256649971008,
        0.8092783093452454
      ],
      "perplexity": [
        2503.23046875,
        3782.129638671875
      ],
      "total_encoded_tokens": [
        815,
        297
      ],
      "total_skipped_tokens": [
        545,
        194
      ],
      "total_time_in_sec": [
        0.086,
        0.039
      ]
    },
    "injection_coefficients_75": {
      "top1_acc": [
        0.6369710564613342,
        0.5968379974365234,
        0.5967026352882385
      ],
      "top10_acc": [
        0.9064587950706482,
        0.9090909361839294,
        0.8700063824653625
      ],
      "skip50_top1_acc": [
        0.5919732451438904,
        0.6059701442718506,
        0.591141402721405
      ],
      "skip50_top10_acc": [
        0.8662207126617432,
        0.8686566948890686,
        0.8347529768943787
      ],
      "perplexity": [
        19890.423828125,
        5076.859375,
        14926.724609375
      ],
      "total_encoded_tokens": [
        449,
        506,
        1577
      ],
      "total_skipped_tokens": [
        299,
        335,
        1174
      ],
      "total_time_in_sec": [
        0.051,
        0.056,
        0.195
      ]
    },
    "injection_coefficients_100": {
      "top1_acc": [
        0.4429347813129425,
        0.6775745749473572
      ],
      "top10_acc": [
        0.7336956858634949,
        0.8527430295944214
      ],
      "skip50_top1_acc": [
        0.35555556416511536,
        0.6500691771507263
      ],
      "skip50_top10_acc": [
        0.6133333444595337,
        0.8118948936462402
      ],
      "perplexity": [
        710879.375,
        30494.31640625
      ],
      "total_encoded_tokens": [
        368,
        1039
      ],
      "total_skipped_tokens": [
        225,
        723
      ],
      "total_time_in_sec": [
        0.042,
        0.119
      ]
    },
    "injection_coefficients_150": {
      "top1_acc": [
        0.41284406185150146
      ],
      "top10_acc": [
        0.7285932898521423
      ],
      "skip50_top1_acc": [
        0.3372921645641327
      ],
      "skip50_top10_acc": [
        0.6353919506072998
      ],
      "perplexity": [
        4982.314453125
      ],
      "total_encoded_tokens": [
        1308
      ],
      "total_skipped_tokens": [
        842
      ],
      "total_time_in_sec": [
        0.17
      ]
    },
    "injection_coefficients_200": {
      "top1_acc": [
        0.30927833914756775,
        0.07321428507566452,
        0.2551020383834839
      ],
      "top10_acc": [
        0.6701030731201172,
        0.25535714626312256,
        0.5510203838348389
      ],
      "skip50_top1_acc": [
        0.30416667461395264,
        0.07288630306720734,
        0.16842105984687805
      ],
      "skip50_top10_acc": [
        0.6000000238418579,
        0.21282799541950226,
        0.4421052932739258
      ],
      "perplexity": [
        9085.8447265625,
        17862.45703125,
        11619.021484375
      ],
      "total_encoded_tokens": [
        388,
        560,
        294
      ],
      "total_skipped_tokens": [
        240,
        343,
        190
      ],
      "total_time_in_sec": [
        0.05,
        0.061,
        0.039
      ]
    },
    "injection_coefficients_250": {
      "top1_acc": [
        0.06965173780918121,
        0.17578125,
        0.15673980116844177
      ],
      "top10_acc": [
        0.2935323417186737,
        0.427734375,
        0.40125390887260437
      ],
      "skip50_top1_acc": [
        0.05921052768826485,
        0.17514124512672424,
        0.09708738327026367
      ],
      "skip50_top10_acc": [
        0.25,
        0.40395480394363403,
        0.30582523345947266
      ],
      "perplexity": [
        13849.7236328125,
        7905.83154296875,
        13162.8427734375
      ],
      "total_encoded_tokens": [
        201,
        512,
        319
      ],
      "total_skipped_tokens": [
        152,
        354,
        206
      ],
      "total_time_in_sec": [
        0.032,
        0.058,
        0.038
      ]
    },
    "injection_coefficients_300": {
      "top1_acc": [
        0.038097966462373734
      ],
      "top10_acc": [
        0.25379547476768494
      ],
      "skip50_top1_acc": [
        0.03694581240415573
      ],
      "skip50_top10_acc": [
        0.23497538268566132
      ],
      "perplexity": [
        15571.953125
      ],
      "total_encoded_tokens": [
        3491
      ],
      "total_skipped_tokens": [
        2030
      ],
      "total_time_in_sec": [
        0.594
      ]
    },
    "injection_coefficients_400": {
      "top1_acc": [
        0.0,
        0.0018315018387511373,
        0.0,
        0.009411764331161976
      ],
      "top10_acc": [
        0.025974025949835777,
        0.049450550228357315,
        0.033898305147886276,
        0.11764705181121826
      ],
      "skip50_top1_acc": [
        0.0,
        0.002808988792821765,
        0.0,
        0.013745704665780067
      ],
      "skip50_top10_acc": [
        0.017241379246115685,
        0.05898876488208771,
        0.037593986839056015,
        0.14261168241500854
      ],
      "perplexity": [
        52632.91796875,
        36553.76171875,
        44841.5546875,
        28650.060546875
      ],
      "total_encoded_tokens": [
        77,
        546,
        177,
        850
      ],
      "total_skipped_tokens": [
        58,
        356,
        133,
        582
      ],
      "total_time_in_sec": [
        0.045,
        0.06,
        0.032,
        0.097
      ]
    },
    "injection_coefficients_500": {
      "top1_acc": [
        0.000732600805349648
      ],
      "top10_acc": [
        0.01269841380417347
      ],
      "skip50_top1_acc": [
        0.001070281839929521
      ],
      "skip50_top10_acc": [
        0.01748126931488514
      ],
      "perplexity": [
        61871.9375
      ],
      "total_encoded_tokens": [
        4095
      ],
      "total_skipped_tokens": [
        2803
      ],
      "total_time_in_sec": [
        0.728
      ]
    }
  },
  "only_code": {
    "injection_coefficients_0": {
      "top1_acc": [
        0.7748279571533203
      ],