{
  "only_python": {
    "injection_coefficients_1.0": {
      "top1_acc": [
        0.7886855006217957
      ],
      "top10_acc": [
        0.9425956606864929
      ],
      "skip50_top1_acc": [
        0.7886855006217957
      ],
      "skip50_top10_acc": [
        0.9425956606864929
      ],
      "total_encoded_tokens": [
        1202.0
      ],
      "total_tokens_with_skip": [
        1202.0
      ],
      "total_time_in_sec": [
        1.036
      ]
    },
    "injection_coefficients_1.2067926406393286": {
      "top1_acc": [
        0.8106312155723572
      ],
      "top10_acc": [
        0.9584717154502869
      ],
      "skip50_top1_acc": [
        0.8106312155723572
      ],
      "skip50_top10_acc": [
        0.9584717154502869
      ],
      "total_encoded_tokens": [
        602.0
      ],
      "total_tokens_with_skip": [
        602.0
      ],
      "total_time_in_sec": [
        0.069
      ]
    },
    "injection_coefficients_3.088843596477481": {
      "top1_acc": [
        0.746012270450592
      ],
      "top10_acc": [
        0.9435582756996155
      ],
      "skip50_top1_acc": [
        0.746012270450592
      ],
      "skip50_top10_acc": [
        0.9435582756996155
      ],
      "total_encoded_tokens": [
        3260.0
      ],
      "total_tokens_with_skip": [
        3260.0
      ],
      "total_time_in_sec": [
        0.673
      ]
    },
    "injection_coefficients_3.72759372031494": {
      "top1_acc": [
        0.7083595395088196
      ],
      "top10_acc": [
        0.917033314704895
      ],
      "skip50_top1_acc": [
        0.7083595395088196
      ],
      "skip50_top10_acc": [
        0.917033314704895
      ],
      "total_encoded_tokens": [
        1591.0
      ],
      "total_tokens_with_skip": [
        1591.0
      ],
      "total_time_in_sec": [
        0.211
      ]
    },
    "injection_coefficients_4.498432668969445": {
      "top1_acc": [
        0.8319999575614929
      ],
      "top10_acc": [
        0.9599999785423279
      ],
      "skip50_top1_acc": [
        0.8319999575614929
      ],
      "skip50_top10_acc": [
        0.9599999785423279
      ],
      "total_encoded_tokens": [
        1375.0
      ],
      "total_tokens_with_skip": [
        1375.0
      ],
      "total_time_in_sec": [
        0.176
      ]
    },
    "injection_coefficients_11.513953993264469": {
      "top1_acc": [
        0.3990637958049774
      ],
      "top10_acc": [
        0.7068461179733276
      ],
      "skip50_top1_acc": [
        0.3990637958049774
      ],
      "skip50_top10_acc": [
        0.7068461179733276
      ],
      "total_encoded_tokens": [
        3418.0
      ],
      "total_tokens_with_skip": [
        3418.0
      ],
      "total_time_in_sec": [
        0.723
      ]
    },
    "injection_coefficients_13.894954943731374": {
      "top1_acc": [
        0.4547368288040161
      ],
      "top10_acc": [
        0.8126315474510193
      ],
      "skip50_top1_acc": [
        0.4547368288040161
      ],
      "skip50_top10_acc": [
        0.8126315474510193
      ],
      "total_encoded_tokens": [
        475.0
      ],
      "total_tokens_with_skip": [
        475.0
      ],
      "total_time_in_sec": [
        0.057
      ]
    },
    "injection_coefficients_16.768329368110074": {
      "top1_acc": [
        0.3070707321166992
      ],
      "top10_acc": [
        0.6181818246841431
      ],
      "skip50_top1_acc": [
        0.3070707321166992
      ],
      "skip50_top10_acc": [
        0.6181818246841431
      ],
      "total_encoded_tokens": [
        495.0
      ],
      "total_tokens_with_skip": [
        495.0
      ],
      "total_time_in_sec": [
        0.056
      ]
    },
    "injection_coefficients_20.23589647725157": {
      "top1_acc": [
        0.28116708993911743
      ],
      "top10_acc": [
        0.5862069129943848
      ],
      "skip50_top1_acc": [
        0.28116708993911743
      ],
      "skip50_top10_acc": [
        0.5862069129943848
      ],
      "total_encoded_tokens": [
        377.0
      ],
      "total_tokens_with_skip": [
        377.0
      ],
      "total_time_in_sec": [
        0.044
      ]
    },
    "injection_coefficients_24.420530945486508": {
      "top1_acc": [
        0.15835140645503998
      ],
      "top10_acc": [
        0.37310194969177246
      ],
      "skip50_top1_acc": [
        0.15835140645503998
      ],
      "skip50_top10_acc": [
        0.37310194969177246
      ],
      "total_encoded_tokens": [
        461.0
      ],
      "total_tokens_with_skip": [
        461.0
      ],
      "total_time_in_sec": [
        0.054
      ]
    },
    "injection_coefficients_29.4705170255181": {
      "top1_acc": [
        0.1684948205947876
      ],
      "top10_acc": [
        0.29037171602249146
      ],
      "skip50_top1_acc": [
        0.1684948205947876
      ],
      "skip50_top10_acc": [
        0.29037171602249146
      ],
      "total_encoded_tokens": [
        3282.0
      ],
      "total_tokens_with_skip": [
        3282.0
      ],
      "total_time_in_sec": [
        0.677
      ]
    },
    "injection_coefficients_35.564803062231285": {
      "top1_acc": [
        0.09733124077320099
      ],
      "top10_acc": [
        0.23233909904956818
      ],
      "skip50_top1_acc": [
        0.09733124077320099
      ],
      "skip50_top10_acc": [
        0.23233909904956818
      ],
      "total_encoded_tokens": [
        1274.0
      ],
      "total_tokens_with_skip": [
        1274.0
      ],
      "total_time_in_sec": [
        0.169
      ]
    },
    "injection_coefficients_91.02981779915217": {
      "top1_acc": [
        0.20270270109176636
      ],
      "top10_acc": [
        0.22747747600078583
      ],
      "skip50_top1_acc": [
        0.20270270109176636
      ],
      "skip50_top10_acc": [
        0.22747747600078583
      ],
      "total_encoded_tokens": [
        444.0
      ],
      "total_tokens_with_skip": [
        444.0
      ],
      "total_time_in_sec": [
        0.055
      ]
    },
    "injection_coefficients_109.85411419875584": {
      "top1_acc": [
        0.11324674636125565
      ],
      "top10_acc": [
        0.1932467520236969
      ],
      "skip50_top1_acc": [
        0.11324674636125565
      ],
      "skip50_top10_acc": [
        0.1932467520236969
      ],
      "total_encoded_tokens": [
        1925.0
      ],
      "total_tokens_with_skip": [
        1925.0
      ],
      "total_time_in_sec": [
        0.284
      ]
    },
    "injection_coefficients_281.1768697974231": {
      "top1_acc": [
        0.1088709682226181
      ],
      "top10_acc": [
        0.1088709682226181
      ],
      "skip50_top1_acc": [
        0.1088709682226181
      ],
      "skip50_top10_acc": [
        0.1088709682226181
      ],
      "total_encoded_tokens": [
        744.0
      ],
      "total_tokens_with_skip": [
        744.0
      ],
      "total_time_in_sec": [
        0.085
      ]
    },
    "injection_coefficients_719.6856730011522": {
      "top1_acc": [
        0.0
      ],
      "top10_acc": [
        0.0
      ],
      "skip50_top1_acc": [
        0.0
      ],
      "skip50_top10_acc": [
        0.0
      ],
      "total_encoded_tokens": [
        395.0
      ],
      "total_tokens_with_skip": [
        395.0
      ],
      "total_time_in_sec": [
        0.051
      ]
    },
    "injection_coefficients_1842.0699693267163": {
      "top1_acc": [
        0.0
      ],
      "top10_acc": [
        0.0
      ],
      "skip50_top1_acc": [
        0.0
      ],
      "skip50_top10_acc": [
        0.0
      ],
      "total_encoded_tokens": [
        1031.0
      ],
      "total_tokens_with_skip": [
        1031.0
      ],
      "total_time_in_sec": [
        0.134
      ]
    },
    "injection_coefficients_4714.866363457395": {
      "top1_acc": [
        0.0
      ],
      "top10_acc": [
        0.0
      ],
      "skip50_top1_acc": [
        0.0
      ],
      "skip50_top10_acc": [
        0.0
      ],