{
  "only_code": {
    "injection_coefficients_0.0": {
      "top1_acc": [
        0.8259587287902832,
        0.8992805480957031,
        0.9560440182685852
      ],
      "top10_acc": [
        0.9596853852272034,
        0.9803792834281921,
        0.9894994497299194
      ],
      "skip50_top1_acc": [
        0.8259587287902832,
        0.8992805480957031,
        0.9560440182685852
      ],
      "skip50_top10_acc": [
        0.9596853852272034,
        0.9803792834281921,
        0.9894994497299194
      ],
      "total_encoded_tokens": [
        1017.0,
        1529.0,
        4095.0
      ],
      "total_tokens_with_skip": [
        1017.0,
        1529.0,
        4095.0
      ],
      "total_time_in_sec": [
        0.74,
        0.196,
        0.816
      ]
    },
    "injection_coefficients_0.5": {
      "top1_acc": [
        0.9065255522727966,
        0.8401486873626709,
        0.8212333917617798,
        0.6915887594223022,
        0.8726823329925537,
        0.8622927069664001
      ],
      "top10_acc": [
        0.9673721194267273,
        0.9553903341293335,
        0.9687743782997131,
        0.9065420031547546,
        0.971569836139679,
        0.9689978361129761
      ],
      "skip50_top1_acc": [
        0.9065255522727966,
        0.8401486873626709,
        0.8212333917617798,
        0.6915887594223022,
        0.8726823329925537,
        0.8622927069664001
      ],
      "skip50_top10_acc": [
        0.9673721194267273,
        0.9553903341293335,
        0.9687743782997131,
        0.9065420031547546,
        0.971569836139679,
        0.9689978361129761
      ],
      "total_encoded_tokens": [
        1134.0,
        269.0,
        1281.0,
        321.0,
        1618.0,
        1387.0
      ],
      "total_tokens_with_skip": [
        1134.0,
        269.0,
        1281.0,
        321.0,
        1618.0,
        1387.0
      ],
      "total_time_in_sec": [
        0.15,
        0.04,
        0.169,
        0.043,
        0.235,
        0.18
      ]
    },
    "injection_coefficients_1.0": {
      "top1_acc": [
        0.7887668609619141,
        0.6565656661987305,
        0.350649356842041,
        0.8056750297546387
      ],
      "top10_acc": [
        0.9306471943855286,
        0.8383838534355164,
        0.6753246784210205,
        0.9316423535346985
      ],
      "skip50_top1_acc": [
        0.7887668609619141,
        0.6565656661987305,
        0.350649356842041,
        0.8056750297546387
      ],
      "skip50_top10_acc": [
        0.9306471943855286,
        0.8383838534355164,
        0.6753246784210205,
        0.9316423535346985
      ],
      "total_encoded_tokens": [
        4095.0,
        99.0,
        77.0,
        2326.0
      ],
      "total_tokens_with_skip": [
        4095.0,
        99.0,
        77.0,
        2326.0
      ],
      "total_time_in_sec": [
        0.991,
        0.069,
        0.039,
        0.408
      ]
    },
    "injection_coefficients_1.5": {
      "top1_acc": [
        0.6213592290878296,
        0.7006369829177856,
        0.7601937651634216,
        0.6451770663261414
      ],
      "top10_acc": [
        0.8543689250946045,
        0.8662420511245728,
        0.9370205998420715,
        0.8813187479972839
      ],
      "skip50_top1_acc": [
        0.6213592290878296,
        0.7006369829177856,
        0.7601937651634216,
        0.6451770663261414
      ],
      "skip50_top10_acc": [
        0.8543689250946045,
        0.8662420511245728,
        0.9370205998420715,
        0.8813187479972839
      ],
      "total_encoded_tokens": [
        103.0,
        314.0,
        2477.0,
        4095.0
      ],
      "total_tokens_with_skip": [
        103.0,
        314.0,
        2477.0,
        4095.0
      ],
      "total_time_in_sec": [
        0.044,
        0.044,
        0.389,
        1.072
      ]
    },
    "injection_coefficients_2.0": {
      "top1_acc": [
        0.4029025733470917,
        0.2368421107530594,
        0.22276590764522552
      ],
      "top10_acc": [
        0.7546648383140564,
        0.6578947305679321,
        0.5281998515129089
      ],
      "skip50_top1_acc": [
        0.4029025733470917,
        0.2368421107530594,
        0.22276590764522552
      ],
      "skip50_top10_acc": [
        0.7546648383140564,
        0.6578947305679321,
        0.5281998515129089
      ],
      "total_encoded_tokens": [
        2894.0,
        76.0,
        3883.0
      ],
      "total_tokens_with_skip": [
        2894.0,
        76.0,
        3883.0
      ],
      "total_time_in_sec": [
        0.56,
        0.046,
        0.802
      ]
    },
    "injection_coefficients_5.0": {
      "top1_acc": [
        0.20588235557079315,
        0.14423076808452606,
        0.030280832201242447,
        0.20041970908641815
      ],
      "top10_acc": [
        0.23529411852359772,
        0.26923078298568726,
        0.05079365521669388,
        0.3798530697822571
      ],
      "skip50_top1_acc": [
        0.20588235557079315,
        0.14423076808452606,
        0.030280832201242447,
        0.20041970908641815
      ],
      "skip50_top10_acc": [
        0.23529411852359772,
        0.26923078298568726,
        0.05079365521669388,
        0.3798530697822571
      ],
      "total_encoded_tokens": [
        34.0,
        104.0,
        4095.0,
        953.0
      ],
      "total_tokens_with_skip": [
        34.0,
        104.0,
        4095.0,
        953.0
      ],
      "total_time_in_sec": [
        0.042,
        0.047,
        0.801,
        0.128
      ]
    },
    "injection_coefficients_10.0": {
      "top1_acc": [
        0.004115226212888956,
        0.003367003286257386,
        0.03361344709992409,
        0.0,
        0.0,
        0.003636363660916686,
        0.010362694039940834,
        0.016105417162179947,
        0.0019536020699888468
      ],
      "top10_acc": [
        0.05349794030189514,
        0.08080808073282242,
        0.1120448186993599,
        0.0555555559694767,
        0.03448275849223137,
        0.05090909078717232,
        0.11398963630199432,
        0.06076134741306305,
        0.00927960965782404
      ],
      "skip50_top1_acc": [
        0.004115226212888956,
        0.003367003286257386,
        0.03361344709992409,
        0.0,
        0.0,
        0.003636363660916686,
        0.010362694039940834,
        0.016105417162179947,
        0.0019536020699888468
      ],
      "skip50_top10_acc": [
        0.05349794030189514,
        0.08080808073282242,
        0.1120448186993599,
        0.0555555559694767,
        0.03448275849223137,
        0.05090909078717232,
        0.11398963630199432,
        0.06076134741306305,
        0.00927960965782404
      ],
      "total_encoded_tokens": [
        486.0,
        594.0,
        1071.0,
        18.0,
        551.0,
        275.0,
        386.0,
        1366.0,
        4095.0
      ],
      "total_tokens_with_skip": [
        486.0,
        594.0,
        1071.0,
        18.0,
        551.0,
        275.0,
        386.0,
        1366.0,
        4095.0
      ],
      "total_time_in_sec": [
        0.057,
        0.067,
        0.132,
        0.034,
        0.064,
        0.041,
        0.051,
        0.188,
        0.805
      ]
    },
    "injection_coefficients_20.0": {
      "top1_acc": [
        0.0,
        0.0,
        0.0,
        0.0,
        0.0,
        0.0022874572314321995
      ],
      "top10_acc": [
        0.0051177069544792175,
        0.004264392424374819,
        0.0,
        0.0037313431967049837,
        0.0,
        0.0068623716942965984
      ],
      "skip50_top1_acc": [
        0.0,
        0.0,
        0.0,
        0.0,
        0.0,
        0.0022874572314321995
      ],
      "skip50_top10_acc": [
        0.0051177069544792175,
        0.004264392424374819,
        0.0,
        0.0037313431967049837,
        0.0,
        0.0068623716942965984
      ],