{
  "only_code": {
    "injection_coefficients_0.0": {
      "top1_acc": [
        0.8259587287902832,
        0.8992805480957031,
        0.9560440182685852
      ],
      "top10_acc": [
        0.9596853852272034,
        0.9803792834281921,
        0.9894994497299194
      ],
      "skip50_top1_acc": [
        0.8259587287902832,
        0.8992805480957031,
        0.9560440182685852
      ],
      "skip50_top10_acc": [
        0.9596853852272034,
        0.9803792834281921,
        0.9894994497299194
      ],
      "total_encoded_tokens": [
        1017.0,
        1529.0,
        4095.0
      ],
      "total_tokens_with_skip": [
        1017.0,
        1529.0,
        4095.0
      ],
      "total_time_in_sec": [
        0.961,
        0.197,
        0.817
      ]
    },
    "injection_coefficients_0.5": {
      "top1_acc": [
        0.9056437015533447,
        0.8736059665679932,
        0.8188914656639099,
        0.7102803587913513,
        0.8788627982139587,
        0.854361891746521
      ],
      "top10_acc": [
        0.9691357612609863,
        0.9628252387046814,
        0.9726775884628296,
        0.9158878326416016,
        0.966625452041626,
        0.9704397916793823
      ],
      "skip50_top1_acc": [
        0.9056437015533447,
        0.8736059665679932,
        0.8188914656639099,
        0.7102803587913513,
        0.8788627982139587,
        0.854361891746521
      ],
      "skip50_top10_acc": [
        0.9691357612609863,
        0.9628252387046814,
        0.9726775884628296,
        0.9158878326416016,
        0.966625452041626,
        0.9704397916793823
      ],
      "total_encoded_tokens": [
        1134.0,
        269.0,
        1281.0,
        321.0,
        1618.0,
        1387.0
      ],
      "total_tokens_with_skip": [
        1134.0,
        269.0,
        1281.0,
        321.0,
        1618.0,
        1387.0
      ],
      "total_time_in_sec": [
        0.15,
        0.04,
        0.169,
        0.043,
        0.234,
        0.18
      ]
    },
    "injection_coefficients_1.0": {
      "top1_acc": [
        0.7748474478721619,
        0.7272727489471436,
        0.3636363744735718,
        0.858985424041748
      ],
      "top10_acc": [
        0.9308913946151733,
        0.9191918969154358,
        0.6623376607894897,
        0.9630267024040222
      ],
      "skip50_top1_acc": [
        0.7748474478721619,
        0.7272727489471436,
        0.3636363744735718,
        0.858985424041748
      ],
      "skip50_top10_acc": [
        0.9308913946151733,
        0.9191918969154358,
        0.6623376607894897,
        0.9630267024040222
      ],
      "total_encoded_tokens": [
        4095.0,
        99.0,
        77.0,
        2326.0
      ],
      "total_tokens_with_skip": [
        4095.0,
        99.0,
        77.0,
        2326.0
      ],
      "total_time_in_sec": [
        0.992,
        0.068,
        0.039,
        0.409
      ]
    },
    "injection_coefficients_1.5": {
      "top1_acc": [
        0.49514564871788025,
        0.7006369829177856,
        0.7444489002227783,
        0.6263736486434937
      ],
      "top10_acc": [
        0.7766990661621094,
        0.8662420511245728,
        0.975373387336731,
        0.8358975052833557
      ],
      "skip50_top1_acc": [
        0.49514564871788025,
        0.7006369829177856,
        0.7444489002227783,
        0.6263736486434937
      ],
      "skip50_top10_acc": [
        0.7766990661621094,
        0.8662420511245728,
        0.975373387336731,
        0.8358975052833557
      ],
      "total_encoded_tokens": [
        103.0,
        314.0,
        2477.0,
        4095.0
      ],
      "total_tokens_with_skip": [
        103.0,
        314.0,
        2477.0,
        4095.0
      ],
      "total_time_in_sec": [
        0.044,
        0.044,
        0.389,
        1.09
      ]
    },
    "injection_coefficients_2.0": {
      "top1_acc": [
        0.20490670204162598,
        0.31578946113586426,
        0.1097089871764183
      ],
      "top10_acc": [
        0.45404285192489624,
        0.6973684430122375,
        0.3407159447669983
      ],
      "skip50_top1_acc": [
        0.20490670204162598,
        0.31578946113586426,
        0.1097089871764183
      ],
      "skip50_top10_acc": [
        0.45404285192489624,
        0.6973684430122375,
        0.3407159447669983
      ],
      "total_encoded_tokens": [
        2894.0,
        76.0,
        3883.0
      ],
      "total_tokens_with_skip": [
        2894.0,
        76.0,
        3883.0
      ],
      "total_time_in_sec": [
        0.561,
        0.043,
        0.802
      ]
    },
    "injection_coefficients_5.0": {
      "top1_acc": [
        0.11764705926179886,
        0.02884615585207939,
        0.0039072041399776936,
        0.009443860501050949
      ],
      "top10_acc": [
        0.23529411852359772,
        0.19230769574642181,
        0.04371184483170509,
        0.23189924657344818
      ],
      "skip50_top1_acc": [
        0.11764705926179886,
        0.02884615585207939,
        0.0039072041399776936,
        0.009443860501050949
      ],
      "skip50_top10_acc": [
        0.23529411852359772,
        0.19230769574642181,
        0.04371184483170509,
        0.23189924657344818
      ],
      "total_encoded_tokens": [
        34.0,
        104.0,
        4095.0,
        953.0
      ],
      "total_tokens_with_skip": [
        34.0,
        104.0,
        4095.0,
        953.0
      ],
      "total_time_in_sec": [
        0.042,
        0.041,
        0.802,
        0.128
      ]
    },
    "injection_coefficients_10.0": {
      "top1_acc": [
        0.002057613106444478,
        0.0,
        0.0,
        0.0,
        0.0,
        0.003636363660916686,
        0.0025906735099852085,
        0.0,
        0.0
      ],
      "top10_acc": [
        0.002057613106444478,
        0.0,
        0.000933706818614155,
        0.0,
        0.0,
        0.003636363660916686,
        0.0025906735099852085,
        0.0,
        0.002686202758923173
      ],
      "skip50_top1_acc": [
        0.002057613106444478,
        0.0,
        0.0,
        0.0,
        0.0,
        0.003636363660916686,
        0.0025906735099852085,
        0.0,
        0.0
      ],
      "skip50_top10_acc": [
        0.002057613106444478,
        0.0,
        0.000933706818614155,
        0.0,
        0.0,
        0.003636363660916686,
        0.0025906735099852085,
        0.0,
        0.002686202758923173
      ],
      "total_encoded_tokens": [
        486.0,
        594.0,
        1071.0,
        18.0,
        551.0,
        275.0,
        386.0,
        1366.0,
        4095.0
      ],
      "total_tokens_with_skip": [
        486.0,
        594.0,
        1071.0,
        18.0,
        551.0,
        275.0,
        386.0,
        1366.0,
        4095.0
      ],
      "total_time_in_sec": [
        0.057,
        0.067,
        0.132,
        0.034,
        0.063,
        0.042,
        0.052,
        0.188,
        0.805
      ]
    },
    "injection_coefficients_20.0": {
      "top1_acc": [
        0.0,
        0.0,
        0.0,
        0.0,
        0.0,
        0.0
      ],
      "top10_acc": [
        0.0,
        0.0,
        0.0,
        0.0,
        0.0,
        0.0
      ],
      "skip50_top1_acc": [
        0.0,
        0.0,
        0.0,
        0.0,
        0.0,
        0.0
      ],
      "skip50_top10_acc": [
        0.0,
        0.0,
        0.0,
        0.0,
        0.0,
        0.0
      ],
      "total_encoded_tokens": [
        1954.0,
        469.0,
        139.0,
        268.0,
        246.0,
        2623.0
      ],
      "total_tokens_with_skip": [
        1954.0,
        469.0,
        139.0,
        268.0,
        246.0,
        2623.0
      ],
      "total_time_in_sec": [
        0.323,
        0.058,
        0.034,
        0.041,
        0.034,
        0.439
      ]
    },
    "injection_coefficients_50.0": {
      "top1_acc": [
        0.0,
        0.0,
        0.0,
        0.0
      ],