{
  "only_code": {
    "injection_coefficients_0.0": {
      "top1_acc": [
        0.8259587287902832,
        0.8992805480957031,
        0.9560440182685852
      ],
      "top10_acc": [
        0.9596853852272034,
        0.9803792834281921,
        0.9894994497299194
      ],
      "skip50_top1_acc": [
        0.8259587287902832,
        0.8992805480957031,
        0.9560440182685852
      ],
      "skip50_top10_acc": [
        0.9596853852272034,
        0.9803792834281921,
        0.9894994497299194
      ],
      "total_encoded_tokens": [
        1017.0,
        1529.0,
        4095.0
      ],
      "total_tokens_with_skip": [
        1017.0,
        1529.0,
        4095.0
      ],
      "total_time_in_sec": [
        0.834,
        0.197,
        0.817
      ]
    },
    "injection_coefficients_0.5": {
      "top1_acc": [
        0.9021163582801819,
        0.8624535202980042,
        0.8235753178596497,
        0.7102803587913513,
        0.8745364546775818,
        0.8550828695297241
      ],
      "top10_acc": [
        0.9691357612609863,
        0.9591078162193298,
        0.9718969464302063,
        0.912772536277771,
        0.96600741147995,
        0.9675558805465698
      ],
      "skip50_top1_acc": [
        0.9021163582801819,
        0.8624535202980042,
        0.8235753178596497,
        0.7102803587913513,
        0.8745364546775818,
        0.8550828695297241
      ],
      "skip50_top10_acc": [
        0.9691357612609863,
        0.9591078162193298,
        0.9718969464302063,
        0.912772536277771,
        0.96600741147995,
        0.9675558805465698
      ],
      "total_encoded_tokens": [
        1134.0,
        269.0,
        1281.0,
        321.0,
        1618.0,
        1387.0
      ],
      "total_tokens_with_skip": [
        1134.0,
        269.0,
        1281.0,
        321.0,
        1618.0,
        1387.0
      ],
      "total_time_in_sec": [
        0.15,
        0.041,
        0.169,
        0.041,
        0.235,
        0.18
      ]
    },
    "injection_coefficients_1.0": {
      "top1_acc": [
        0.7611722350120544,
        0.7373737096786499,
        0.3636363744735718,
        0.8409286737442017
      ],
      "top10_acc": [
        0.9108669757843018,
        0.8787878751754761,
        0.6883116960525513,
        0.9557179808616638
      ],
      "skip50_top1_acc": [
        0.7611722350120544,
        0.7373737096786499,
        0.3636363744735718,
        0.8409286737442017
      ],
      "skip50_top10_acc": [
        0.9108669757843018,
        0.8787878751754761,
        0.6883116960525513,
        0.9557179808616638
      ],
      "total_encoded_tokens": [
        4095.0,
        99.0,
        77.0,
        2326.0
      ],
      "total_tokens_with_skip": [
        4095.0,
        99.0,
        77.0,
        2326.0
      ],
      "total_time_in_sec": [
        0.993,
        0.072,
        0.038,
        0.409
      ]
    },
    "injection_coefficients_1.5": {
      "top1_acc": [
        0.48543688654899597,
        0.6942675113677979,
        0.8126766085624695,
        0.610744833946228
      ],
      "top10_acc": [
        0.6990291476249695,
        0.8694267868995667,
        0.9733548164367676,
        0.8134310841560364
      ],
      "skip50_top1_acc": [
        0.48543688654899597,
        0.6942675113677979,
        0.8126766085624695,
        0.610744833946228
      ],
      "skip50_top10_acc": [
        0.6990291476249695,
        0.8694267868995667,
        0.9733548164367676,
        0.8134310841560364
      ],
      "total_encoded_tokens": [
        103.0,
        314.0,
        2477.0,
        4095.0
      ],
      "total_tokens_with_skip": [
        103.0,
        314.0,
        2477.0,
        4095.0
      ],
      "total_time_in_sec": [
        0.045,
        0.044,
        0.389,
        1.074
      ]
    },
    "injection_coefficients_2.0": {
      "top1_acc": [
        0.3883897662162781,
        0.2763157784938812,
        0.17074427008628845
      ],
      "top10_acc": [
        0.6223220229148865,
        0.5657894611358643,
        0.4602111876010895
      ],
      "skip50_top1_acc": [
        0.3883897662162781,
        0.2763157784938812,
        0.17074427008628845
      ],
      "skip50_top10_acc": [
        0.6223220229148865,
        0.5657894611358643,
        0.4602111876010895
      ],
      "total_encoded_tokens": [
        2894.0,
        76.0,
        3883.0
      ],
      "total_tokens_with_skip": [
        2894.0,
        76.0,
        3883.0
      ],
      "total_time_in_sec": [
        0.561,
        0.043,
        0.803
      ]
    },
    "injection_coefficients_5.0": {
      "top1_acc": [
        0.20588235557079315,
        0.18269231915473938,
        0.02808303013443947,
        0.2151101678609848
      ],
      "top10_acc": [
        0.2647058963775635,
        0.25,
        0.054700858891010284,
        0.3252885341644287
      ],
      "skip50_top1_acc": [
        0.20588235557079315,
        0.18269231915473938,
        0.02808303013443947,
        0.2151101678609848
      ],
      "skip50_top10_acc": [
        0.2647058963775635,
        0.25,
        0.054700858891010284,
        0.3252885341644287
      ],
      "total_encoded_tokens": [
        34.0,
        104.0,
        4095.0,
        953.0
      ],
      "total_tokens_with_skip": [
        34.0,
        104.0,
        4095.0,
        953.0
      ],
      "total_time_in_sec": [
        0.042,
        0.048,
        0.801,
        0.129
      ]
    },
    "injection_coefficients_10.0": {
      "top1_acc": [
        0.0,
        0.0,
        0.0,
        0.0,
        0.0,
        0.0,
        0.0,
        0.0,
        0.0
      ],
      "top10_acc": [
        0.002057613106444478,
        0.0,
        0.0,
        0.0,
        0.0,
        0.0,
        0.0025906735099852085,
        0.0,
        0.0004884005174972117
      ],
      "skip50_top1_acc": [
        0.0,
        0.0,
        0.0,
        0.0,
        0.0,
        0.0,
        0.0,
        0.0,
        0.0
      ],
      "skip50_top10_acc": [
        0.002057613106444478,
        0.0,
        0.0,
        0.0,
        0.0,
        0.0,
        0.0025906735099852085,
        0.0,
        0.0004884005174972117
      ],
      "total_encoded_tokens": [
        486.0,
        594.0,
        1071.0,
        18.0,
        551.0,
        275.0,
        386.0,
        1366.0,
        4095.0
      ],
      "total_tokens_with_skip": [
        486.0,
        594.0,
        1071.0,
        18.0,
        551.0,
        275.0,
        386.0,
        1366.0,
        4095.0
      ],
      "total_time_in_sec": [
        0.057,
        0.067,
        0.132,
        0.034,
        0.065,
        0.042,
        0.052,
        0.188,
        0.806
      ]
    },
    "injection_coefficients_20.0": {
      "top1_acc": [
        0.0,
        0.0,
        0.0,
        0.0,
        0.0,
        0.0
      ],
      "top10_acc": [
        0.0,
        0.0,
        0.0,
        0.0,
        0.0,
        0.0
      ],
      "skip50_top1_acc": [
        0.0,
        0.0,
        0.0,
        0.0,
        0.0,
        0.0
      ],
      "skip50_top10_acc": [
        0.0,
        0.0,
        0.0,
        0.0,
        0.0,
        0.0
      ],
      "total_encoded_tokens": [
        1954.0,
        469.0,
        139.0,
        268.0,
        246.0,
        2623.0
      ],
      "total_tokens_with_skip": [
        1954.0,
        469.0,
        139.0,
        268.0,
        246.0,
        2623.0
      ],
      "total_time_in_sec": [
        0.32,
        0.058,
        0.034,
        0.041,
        0.034,
        0.441
      ]
    },
    "injection_coefficients_50.0": {
      "top1_acc": [
        0.0,
        0.0,
        0.0,
        0.0
      ],
      "top10_acc": [
        0.0,
        0.0,
        0.0,
        0.0
      ],
      "skip50_top1_acc": [
        0.0,
        0.0,
        0.0,
        0.0
      ],